sender,receiver,amount,timestamp,label
USER_055,USER_062,277.98,2025-01-26 13:42:33,normal
USER_071,USER_055,57.7,2025-01-26 15:01:21,normal
USER_030,USER_063,1082.27,2025-01-26 15:50:44,normal
USER_094,USER_002,224.88,2025-01-26 16:09:07,normal
USER_066,USER_005,526.14,2025-01-26 17:14:07,normal
USER_063,USER_069,1830.68,2025-01-26 18:50:07,normal
USER_019,USER_016,127.52,2025-01-26 20:08:47,normal
USER_094,USER_097,174.66,2025-01-26 20:22:18,normal
USER_002,USER_079,215.21,2025-01-26 22:12:51,normal
USER_051,USER_080,174.02,2025-01-26 22:57:23,normal
USER_027,USER_035,253.21,2025-01-26 23:59:20,normal
USER_005,USER_081,686.81,2025-01-27 00:07:38,normal
USER_072,USER_090,531.66,2025-01-27 01:52:42,normal
USER_087,USER_066,1037.79,2025-01-27 04:23:45,normal
USER_054,USER_052,195.31,2025-01-27 04:31:20,normal
USER_077,USER_031,296.43,2025-01-27 05:07:26,normal
USER_026,USER_099,842.33,2025-01-27 05:48:04,normal
USER_032,USER_018,801.76,2025-01-27 05:56:54,normal
USER_038,USER_080,1411.51,2025-01-27 06:16:50,normal
USER_011,USER_043,102.2,2025-01-27 06:58:33,normal
USER_075,USER_087,179.36,2025-01-27 07:28:58,normal
USER_076,USER_011,683.75,2025-01-27 08:17:07,normal
USER_047,USER_073,2069.68,2025-01-27 08:25:36,normal
USER_021,USER_064,626.66,2025-01-27 09:42:21,normal
USER_001,USER_037,478.82,2025-01-27 09:47:15,normal
USER_022,USER_056,268.08,2025-01-27 10:37:05,normal
USER_041,USER_080,130.22,2025-01-27 10:37:32,normal
USER_061,USER_055,234.92,2025-01-27 10:55:21,normal
USER_076,USER_028,281.69,2025-01-27 11:00:15,normal
USER_087,USER_015,1087.33,2025-01-27 14:47:20,normal
USER_077,USER_045,528.16,2025-01-27 14:55:45,normal
USER_089,USER_001,72.35,2025-01-27 15:12:12,normal
USER_051,USER_075,465.81,2025-01-27 15:34:25,normal
USER_001,USER_028,236.78,2025-01-27 17:09:16,normal
USER_000,USER_068,415.21,2025-01-27 17:48:40,normal
USER_000,USER_059,505.51,2025-01-27 21:14:20,normal
USER_019,USER_033,378.66,2025-01-27 21:43:51,normal
USER_057,USER_004,297.0,2025-01-28 00:50:41,normal
USER_059,USER_008,246.06,2025-01-28 01:00:17,normal
USER_038,USER_015,40.09,2025-01-28 02:37:38,normal
USER_068,USER_024,232.76,2025-01-28 03:26:20,normal
USER_047,USER_057,237.34,2025-01-28 03:52:25,normal
USER_065,USER_090,1710.55,2025-01-28 04:42:11,normal
USER_078,USER_060,1234.18,2025-01-28 07:38:10,normal
USER_045,USER_072,48.66,2025-01-28 08:54:13,normal
USER_051,USER_054,566.36,2025-01-28 09:35:21,normal
USER_092,USER_040,400.47,2025-01-28 11:21:09,normal
USER_099,USER_003,186.08,2025-01-28 15:09:50,normal
USER_077,USER_071,76.21,2025-01-28 16:06:39,normal
USER_005,USER_028,1460.1,2025-01-28 16:46:36,normal
USER_021,USER_092,303.01,2025-01-28 16:51:43,normal
USER_040,USER_079,98.55,2025-01-28 16:55:51,normal
USER_092,USER_072,90.94,2025-01-28 18:59:16,normal
USER_056,USER_050,750.82,2025-01-28 19:26:17,normal
USER_021,USER_070,425.09,2025-01-28 20:10:37,normal
USER_015,USER_065,1844.79,2025-01-28 20:19:23,normal
USER_064,USER_093,688.02,2025-01-28 20:53:28,normal
USER_076,USER_032,208.86,2025-01-28 21:18:53,normal
USER_038,USER_098,158.43,2025-01-28 22:07:13,normal
USER_060,USER_015,427.44,2025-01-28 23:25:07,normal
USER_036,USER_095,672.85,2025-01-29 00:56:26,normal
USER_076,USER_005,99.41,2025-01-29 02:12:57,normal
USER_096,USER_094,2026.53,2025-01-29 03:44:47,normal
USER_014,USER_017,554.94,2025-01-29 03:53:42,normal
USER_052,USER_072,391.96,2025-01-29 04:17:35,normal
USER_048,USER_028,1676.48,2025-01-29 04:53:11,normal
USER_006,USER_099,437.34,2025-01-29 05:19:24,normal
USER_025,USER_066,356.65,2025-01-29 05:21:59,normal
USER_082,USER_007,170.59,2025-01-29 05:54:27,normal
USER_030,USER_069,1381.05,2025-01-29 09:29:32,normal
USER_023,USER_061,243.06,2025-01-29 09:29:42,normal
USER_077,USER_018,914.91,2025-01-29 09:38:05,normal
USER_096,USER_002,2113.01,2025-01-29 09:58:02,normal
USER_096,USER_052,95.96,2025-01-29 10:04:54,normal
USER_017,USER_086,1991.41,2025-01-29 11:18:53,normal
USER_061,USER_020,1082.78,2025-01-29 12:39:52,normal
USER_068,USER_036,229.44,2025-01-29 14:14:55,normal
USER_020,USER_099,331.91,2025-01-29 14:58:59,normal
USER_009,USER_065,1358.56,2025-01-29 16:00:09,normal
USER_082,USER_064,2050.42,2025-01-29 16:10:19,normal
USER_030,USER_024,673.08,2025-01-29 17:19:46,normal
USER_080,USER_082,299.48,2025-01-29 17:20:18,normal
USER_075,USER_051,735.92,2025-01-29 17:42:24,normal
USER_086,USER_024,146.88,2025-01-29 18:19:55,normal
USER_079,USER_073,513.55,2025-01-29 18:32:51,normal
USER_087,USER_080,383.36,2025-01-29 18:49:29,normal
USER_002,USER_081,193.35,2025-01-29 19:01:08,normal
USER_062,USER_084,115.6,2025-01-29 20:09:38,normal
USER_080,USER_001,242.76,2025-01-29 22:18:10,normal
USER_060,USER_008,1182.32,2025-01-29 22:24:17,normal
USER_045,USER_082,368.59,2025-01-29 22:31:56,normal
USER_029,USER_014,1560.17,2025-01-29 22:33:28,normal
USER_025,USER_014,299.85,2025-01-30 00:11:11,normal
USER_053,USER_073,494.97,2025-01-30 00:48:34,normal
USER_017,USER_098,1601.56,2025-01-30 01:02:46,normal
USER_089,USER_082,1330.97,2025-01-30 01:02:59,normal
USER_060,USER_028,128.81,2025-01-30 02:18:22,normal
USER_050,USER_070,808.05,2025-01-30 03:22:18,normal
USER_069,USER_026,966.61,2025-01-30 03:32:26,normal
USER_059,USER_044,211.98,2025-01-30 03:40:39,normal
USER_029,USER_021,695.86,2025-01-30 03:41:01,normal
USER_039,USER_060,381.76,2025-01-30 04:17:38,normal
USER_043,USER_073,399.93,2025-01-30 04:20:25,normal
USER_053,USER_047,84.1,2025-01-30 05:13:13,normal
USER_017,USER_021,865.55,2025-01-30 05:31:55,normal
USER_073,USER_077,1275.27,2025-01-30 05:48:53,normal
USER_099,USER_007,2548.95,2025-01-30 06:03:24,normal
USER_063,USER_024,415.31,2025-01-30 06:44:50,normal
USER_075,USER_031,251.22,2025-01-30 07:04:40,normal
USER_014,USER_019,588.35,2025-01-30 08:33:20,normal
USER_006,USER_080,1548.3,2025-01-30 08:37:38,normal
USER_049,USER_079,356.77,2025-01-30 10:48:53,normal
USER_009,USER_075,926.32,2025-01-30 11:15:02,normal
USER_079,USER_073,761.19,2025-01-30 11:29:38,normal
USER_004,USER_054,508.16,2025-01-30 12:18:10,normal
USER_061,USER_005,486.02,2025-01-30 12:21:54,normal
USER_049,USER_026,1175.6,2025-01-30 13:11:37,normal
USER_031,USER_028,148.08,2025-01-30 13:20:42,normal
USER_002,USER_093,504.07,2025-01-30 13:51:01,normal
USER_027,USER_004,1277.75,2025-01-30 13:59:23,normal
USER_097,USER_079,295.14,2025-01-30 14:17:19,normal
USER_037,USER_017,176.19,2025-01-30 14:43:50,normal
USER_067,USER_035,1948.77,2025-01-30 16:01:36,normal
USER_076,USER_029,945.29,2025-01-30 17:29:47,normal
USER_015,USER_019,372.67,2025-01-30 17:38:35,normal
USER_035,USER_056,541.75,2025-01-30 20:49:58,normal
USER_038,USER_004,270.74,2025-01-30 21:44:44,normal
USER_054,USER_007,1139.64,2025-01-30 22:04:23,normal
USER_074,USER_098,1072.14,2025-01-30 22:06:55,normal
USER_053,USER_051,293.02,2025-01-30 22:11:32,normal
USER_029,USER_071,511.89,2025-01-30 22:50:46,normal
USER_086,USER_020,289.94,2025-01-31 00:03:00,normal
USER_003,USER_025,591.59,2025-01-31 00:33:23,normal
USER_077,USER_070,833.9,2025-01-31 00:57:53,normal
USER_080,USER_077,366.29,2025-01-31 01:21:50,normal
USER_003,USER_009,184.91,2025-01-31 03:02:29,normal
USER_036,USER_096,55.32,2025-01-31 05:18:18,normal
USER_076,USER_040,159.22,2025-01-31 07:32:21,normal
USER_049,USER_085,121.39,2025-01-31 08:20:27,normal
USER_039,USER_085,842.54,2025-01-31 08:24:12,normal
USER_059,USER_040,279.2,2025-01-31 09:28:47,normal
USER_071,USER_035,287.95,2025-01-31 10:24:52,normal
USER_036,USER_016,114.93,2025-01-31 10:41:49,normal
USER_063,USER_039,181.95,2025-01-31 11:36:01,normal
USER_009,USER_039,499.13,2025-01-31 16:42:16,normal
USER_061,USER_042,769.15,2025-01-31 17:50:19,normal
USER_048,USER_018,248.05,2025-01-31 20:36:57,normal
USER_089,USER_061,234.24,2025-01-31 22:51:45,normal
USER_078,USER_067,684.33,2025-01-31 23:06:45,normal
USER_086,USER_071,665.82,2025-02-01 00:00:34,normal
USER_099,USER_072,1220.58,2025-02-01 00:37:01,normal
USER_060,USER_002,677.57,2025-02-01 01:16:36,normal
USER_068,USER_006,712.13,2025-02-01 02:04:51,normal
USER_080,USER_017,542.24,2025-02-01 02:49:00,normal
USER_009,USER_024,133.81,2025-02-01 04:53:35,normal
USER_004,USER_089,2056.06,2025-02-01 05:01:52,normal
USER_067,USER_018,308.85,2025-02-01 05:04:25,normal
USER_064,USER_073,617.07,2025-02-01 05:59:39,normal
USER_018,USER_091,659.87,2025-02-01 08:34:48,normal
USER_039,USER_018,599.78,2025-02-01 10:44:15,normal
USER_034,USER_089,431.9,2025-02-01 13:44:06,normal
USER_041,USER_052,407.29,2025-02-01 14:30:12,normal
USER_072,USER_043,374.05,2025-02-01 15:05:13,normal
USER_036,USER_052,547.24,2025-02-01 15:16:35,normal
USER_033,USER_054,122.6,2025-02-01 15:39:52,normal
USER_055,USER_075,959.03,2025-02-01 15:49:31,normal
USER_051,USER_037,1284.08,2025-02-01 16:44:46,normal
USER_042,USER_078,129.14,2025-02-01 17:14:26,normal
USER_028,USER_014,204.76,2025-02-01 17:57:44,normal
USER_065,USER_069,220.99,2025-02-01 19:07:50,normal
USER_034,USER_037,109.54,2025-02-01 20:20:22,normal
USER_023,USER_036,290.7,2025-02-01 20:59:15,normal
USER_069,USER_093,327.38,2025-02-01 21:25:41,normal
USER_081,USER_050,1088.46,2025-02-01 22:43:04,normal
USER_055,USER_034,152.59,2025-02-01 22:44:39,normal
USER_053,USER_074,181.63,2025-02-02 02:29:49,normal
USER_030,USER_077,481.22,2025-02-02 03:03:24,normal
USER_059,USER_017,1344.44,2025-02-02 03:48:29,normal
USER_076,USER_077,354.27,2025-02-02 03:53:59,normal
USER_010,USER_049,456.72,2025-02-02 05:42:57,normal
USER_070,USER_007,1036.18,2025-02-02 06:04:32,normal
USER_073,USER_021,101.24,2025-02-02 06:08:19,normal
USER_034,USER_072,605.42,2025-02-02 06:20:18,normal
USER_086,USER_088,1259.64,2025-02-02 06:21:49,normal
USER_088,USER_040,215.07,2025-02-02 07:35:07,normal
USER_027,USER_074,586.74,2025-02-02 09:37:22,normal
USER_014,USER_024,654.85,2025-02-02 09:53:33,normal
USER_056,USER_009,556.21,2025-02-02 13:18:51,normal
USER_094,USER_046,2519.3,2025-02-02 13:46:14,normal
USER_031,USER_066,901.24,2025-02-02 15:21:18,normal
USER_005,USER_000,1173.18,2025-02-02 16:48:15,normal
USER_067,USER_026,742.18,2025-02-02 19:06:31,normal
USER_089,USER_049,828.23,2025-02-02 19:15:58,normal
USER_064,USER_038,1179.04,2025-02-02 19:26:30,normal
USER_067,USER_022,1994.19,2025-02-02 19:54:18,normal
USER_043,USER_059,1147.99,2025-02-02 20:31:40,normal
USER_093,USER_054,276.65,2025-02-02 21:15:26,normal
USER_013,USER_049,534.01,2025-02-02 21:26:14,normal
USER_087,USER_093,142.9,2025-02-02 22:45:01,normal
USER_097,USER_043,530.52,2025-02-02 22:54:21,normal
USER_062,USER_000,1233.09,2025-02-03 00:28:15,normal
USER_011,USER_056,608.14,2025-02-03 01:02:36,normal
USER_002,USER_021,866.72,2025-02-03 01:53:20,normal
USER_060,USER_038,81.93,2025-02-03 04:19:53,normal
USER_043,USER_085,150.53,2025-02-03 05:12:11,normal
USER_073,USER_084,268.42,2025-02-03 05:45:21,normal
USER_092,USER_037,1532.19,2025-02-03 06:10:16,normal
USER_081,USER_058,466.29,2025-02-03 07:30:18,normal
USER_015,USER_056,442.54,2025-02-03 09:14:51,normal
USER_064,USER_045,179.67,2025-02-03 09:28:03,normal
USER_016,USER_042,1465.66,2025-02-03 09:53:51,normal
USER_001,USER_075,161.54,2025-02-03 10:33:10,normal
USER_057,USER_024,1616.57,2025-02-03 11:09:34,normal
USER_070,USER_018,555.11,2025-02-03 11:30:46,normal
USER_096,USER_066,320.28,2025-02-03 11:40:26,normal
USER_088,USER_067,103.52,2025-02-03 11:53:20,normal
S1_BREACHED_CORP,S1_MULE_0,150000.0,2025-02-03 12:00:00,fraud
USER_089,USER_062,1027.1,2025-02-03 13:45:58,normal
USER_027,USER_012,287.98,2025-02-03 14:01:50,normal
USER_032,USER_009,605.9,2025-02-03 14:38:07,normal
USER_027,USER_083,4757.27,2025-02-03 15:24:48,normal
USER_007,USER_037,783.92,2025-02-03 15:39:43,normal
S1_BREACHED_CORP,S1_MULE_1,150000.0,2025-02-03 16:00:00,fraud
USER_087,USER_003,541.74,2025-02-03 16:21:55,normal
USER_057,USER_086,1717.85,2025-02-03 18:12:18,normal
S1_BREACHED_CORP,S1_MULE_2,150000.0,2025-02-03 20:00:00,fraud
USER_099,USER_080,792.5,2025-02-03 21:04:35,normal
USER_006,USER_075,439.96,2025-02-03 21:33:32,normal
USER_024,USER_037,2764.62,2025-02-03 23:03:38,normal
USER_034,USER_098,24.0,2025-02-03 23:28:42,normal
USER_009,USER_006,2107.01,2025-02-04 00:07:20,normal
USER_067,USER_090,274.59,2025-02-04 01:29:03,normal
USER_019,USER_085,282.71,2025-02-04 01:58:00,normal
USER_062,USER_033,48.55,2025-02-04 02:48:44,normal
USER_048,USER_030,485.39,2025-02-04 03:17:19,normal
USER_095,USER_034,43.45,2025-02-04 04:15:19,normal
USER_038,USER_076,781.83,2025-02-04 04:16:53,normal
USER_022,USER_034,220.99,2025-02-04 05:54:49,normal
USER_041,USER_034,81.74,2025-02-04 06:20:26,normal
USER_053,USER_088,840.16,2025-02-04 08:47:51,normal
USER_016,USER_004,6090.26,2025-02-04 09:31:53,normal
USER_030,USER_088,586.47,2025-02-04 10:53:12,normal
USER_073,USER_038,348.03,2025-02-04 11:50:06,normal
L2_NODE_07,L2_NODE_06,45000.0,2025-02-04 12:10:00,fraud
USER_041,USER_072,496.24,2025-02-04 12:12:43,normal
L2_NODE_05,L2_NODE_13,45000.0,2025-02-04 12:21:00,fraud
L2_NODE_07,L2_NODE_03,45000.0,2025-02-04 12:47:00,fraud
L2_NODE_01,L2_NODE_07,45000.0,2025-02-04 12:50:00,fraud
L2_NODE_00,L2_NODE_12,45000.0,2025-02-04 13:05:00,fraud
L2_NODE_05,L2_NODE_11,45000.0,2025-02-04 13:15:00,fraud
L2_NODE_06,L2_NODE_13,45000.0,2025-02-04 13:29:00,fraud
L2_NODE_09,L2_NODE_03,45000.0,2025-02-04 13:54:00,fraud
L2_NODE_07,L2_NODE_05,45000.0,2025-02-04 13:56:00,fraud
L2_NODE_00,L2_NODE_05,45000.0,2025-02-04 14:09:00,fraud
L2_NODE_11,L2_NODE_13,45000.0,2025-02-04 14:15:00,fraud
L2_NODE_05,L2_NODE_08,45000.0,2025-02-04 14:25:00,fraud
L2_NODE_12,L2_NODE_08,45000.0,2025-02-04 14:33:00,fraud
USER_076,USER_081,993.04,2025-02-04 14:46:03,normal
L2_NODE_11,L2_NODE_04,45000.0,2025-02-04 15:01:00,fraud
L2_NODE_07,L2_NODE_05,45000.0,2025-02-04 15:02:00,fraud
L2_NODE_02,L2_NODE_08,45000.0,2025-02-04 15:44:00,fraud
L2_NODE_01,L2_NODE_06,45000.0,2025-02-04 15:49:00,fraud
USER_091,USER_065,620.47,2025-02-04 15:57:06,normal
L2_NODE_02,L2_NODE_08,45000.0,2025-02-04 16:04:00,fraud
L2_NODE_12,L2_NODE_11,45000.0,2025-02-04 16:08:00,fraud
L2_NODE_08,L2_NODE_03,45000.0,2025-02-04 16:12:00,fraud
L2_NODE_07,L2_NODE_03,45000.0,2025-02-04 16:14:00,fraud
L2_NODE_10,L2_NODE_01,45000.0,2025-02-04 16:17:00,fraud
L2_NODE_08,L2_NODE_04,45000.0,2025-02-04 16:23:00,fraud
L2_NODE_04,L2_NODE_10,45000.0,2025-02-04 16:25:00,fraud
L2_NODE_09,L2_NODE_03,45000.0,2025-02-04 16:39:00,fraud
L2_NODE_11,L2_NODE_02,45000.0,2025-02-04 16:46:00,fraud
L2_NODE_03,L2_NODE_04,45000.0,2025-02-04 16:48:00,fraud
L2_NODE_04,L2_NODE_12,45000.0,2025-02-04 17:17:00,fraud
L2_NODE_10,L2_NODE_03,45000.0,2025-02-04 17:51:00,fraud
USER_092,USER_072,314.7,2025-02-04 17:58:59,normal
L2_NODE_10,L2_NODE_04,45000.0,2025-02-04 18:07:00,fraud
L2_NODE_02,L2_NODE_13,45000.0,2025-02-04 18:08:00,fraud
L2_NODE_12,L2_NODE_08,45000.0,2025-02-04 18:14:00,fraud
L2_NODE_01,L2_NODE_05,45000.0,2025-02-04 18:19:00,fraud
L2_NODE_01,L2_NODE_04,45000.0,2025-02-04 18:44:00,fraud
L2_NODE_11,L2_NODE_14,45000.0,2025-02-04 19:03:00,fraud
L2_NODE_04,L2_NODE_13,45000.0,2025-02-04 19:08:00,fraud
USER_022,USER_046,1582.73,2025-02-04 19:20:35,normal
L2_NODE_11,L2_NODE_13,45000.0,2025-02-04 19:38:00,fraud
L2_NODE_09,L2_NODE_05,45000.0,2025-02-04 19:50:00,fraud
L2_NODE_08,L2_NODE_13,45000.0,2025-02-04 19:55:00,fraud
L2_NODE_03,L2_NODE_09,45000.0,2025-02-04 20:06:00,fraud
USER_090,USER_027,145.26,2025-02-04 20:14:06,normal
USER_042,USER_001,184.62,2025-02-04 20:49:50,normal
USER_004,USER_006,720.08,2025-02-04 21:04:20,normal
USER_011,USER_094,52.69,2025-02-05 01:44:40,normal
USER_037,USER_082,133.68,2025-02-05 02:50:45,normal
USER_092,USER_021,211.83,2025-02-05 03:23:44,normal
USER_088,USER_031,327.9,2025-02-05 03:45:15,normal
USER_002,USER_020,246.56,2025-02-05 04:13:59,normal
USER_058,USER_081,276.51,2025-02-05 05:19:17,normal
USER_069,USER_093,110.11,2025-02-05 05:31:31,normal
USER_004,USER_041,9936.87,2025-02-05 05:33:14,normal
USER_023,USER_004,316.94,2025-02-05 05:55:32,normal
USER_081,USER_090,937.44,2025-02-05 06:07:04,normal
S3_FEEDER_0,S3_HUB_AGGREGATOR,80000.0,2025-02-05 07:00:00,fraud
S3_FEEDER_1,S3_HUB_AGGREGATOR,80000.0,2025-02-05 07:10:00,fraud
S3_FEEDER_2,S3_HUB_AGGREGATOR,80000.0,2025-02-05 07:20:00,fraud
S3_FEEDER_3,S3_HUB_AGGREGATOR,80000.0,2025-02-05 07:30:00,fraud
S3_FEEDER_4,S3_HUB_AGGREGATOR,80000.0,2025-02-05 07:40:00,fraud
S3_FEEDER_5,S3_HUB_AGGREGATOR,80000.0,2025-02-05 07:50:00,fraud
S3_FEEDER_6,S3_HUB_AGGREGATOR,80000.0,2025-02-05 08:00:00,fraud
S3_FEEDER_7,S3_HUB_AGGREGATOR,80000.0,2025-02-05 08:10:00,fraud
USER_084,USER_053,171.04,2025-02-05 08:20:51,normal
USER_010,USER_081,98.81,2025-02-05 08:57:35,normal
USER_012,USER_066,525.74,2025-02-05 09:55:47,normal
USER_004,USER_078,869.66,2025-02-05 10:52:32,normal
USER_044,USER_067,1890.05,2025-02-05 10:56:56,normal
WASH_A,WASH_B,10000.0,2025-02-05 12:00:00,fraud
S4_CRITICAL_HUB,S4_FINAL_EXIT,250000.0,2025-02-05 12:00:00,fraud
WASH_B,WASH_A,10000.0,2025-02-05 12:00:01,fraud
S4_CRITICAL_HUB,S4_FINAL_EXIT,250000.0,2025-02-05 12:00:02,fraud
S4_CRITICAL_HUB,S4_FINAL_EXIT,250000.0,2025-02-05 12:00:04,fraud
S4_CRITICAL_HUB,S4_FINAL_EXIT,250000.0,2025-02-05 12:00:06,fraud
S4_CRITICAL_HUB,S4_FINAL_EXIT,250000.0,2025-02-05 12:00:08,fraud
S4_CRITICAL_HUB,S4_FINAL_EXIT,250000.0,2025-02-05 12:00:10,fraud
S4_CRITICAL_HUB,S4_FINAL_EXIT,250000.0,2025-02-05 12:00:12,fraud
S4_CRITICAL_HUB,S4_FINAL_EXIT,250000.0,2025-02-05 12:00:14,fraud
S4_CRITICAL_HUB,S4_FINAL_EXIT,250000.0,2025-02-05 12:00:16,fraud
S4_CRITICAL_HUB,S4_FINAL_EXIT,250000.0,2025-02-05 12:00:18,fraud
S4_CRITICAL_HUB,S4_FINAL_EXIT,250000.0,2025-02-05 12:00:20,fraud
S4_CRITICAL_HUB,S4_FINAL_EXIT,250000.0,2025-02-05 12:00:22,fraud
S4_CRITICAL_HUB,S4_FINAL_EXIT,250000.0,2025-02-05 12:00:24,fraud
S4_CRITICAL_HUB,S4_FINAL_EXIT,250000.0,2025-02-05 12:00:26,fraud
S4_CRITICAL_HUB,S4_FINAL_EXIT,250000.0,2025-02-05 12:00:28,fraud
S4_CRITICAL_HUB,S4_FINAL_EXIT,250000.0,2025-02-05 12:00:30,fraud
S4_CRITICAL_HUB,S4_FINAL_EXIT,250000.0,2025-02-05 12:00:32,fraud
S4_CRITICAL_HUB,S4_FINAL_EXIT,250000.0,2025-02-05 12:00:34,fraud
S4_CRITICAL_HUB,S4_FINAL_EXIT,250000.0,2025-02-05 12:00:36,fraud
S4_CRITICAL_HUB,S4_FINAL_EXIT,250000.0,2025-02-05 12:00:38,fraud
S4_CRITICAL_HUB,S4_FINAL_EXIT,250000.0,2025-02-05 12:00:40,fraud
S4_CRITICAL_HUB,S4_FINAL_EXIT,250000.0,2025-02-05 12:00:42,fraud
S4_CRITICAL_HUB,S4_FINAL_EXIT,250000.0,2025-02-05 12:00:44,fraud
S4_CRITICAL_HUB,S4_FINAL_EXIT,250000.0,2025-02-05 12:00:46,fraud
S4_CRITICAL_HUB,S4_FINAL_EXIT,250000.0,2025-02-05 12:00:48,fraud
S4_CRITICAL_HUB,S4_FINAL_EXIT,250000.0,2025-02-05 12:00:50,fraud
S4_CRITICAL_HUB,S4_FINAL_EXIT,250000.0,2025-02-05 12:00:52,fraud
S4_CRITICAL_HUB,S4_FINAL_EXIT,250000.0,2025-02-05 12:00:54,fraud
S4_CRITICAL_HUB,S4_FINAL_EXIT,250000.0,2025-02-05 12:00:56,fraud
S4_CRITICAL_HUB,S4_FINAL_EXIT,250000.0,2025-02-05 12:00:58,fraud
S4_CRITICAL_HUB,S4_FINAL_EXIT,250000.0,2025-02-05 12:01:00,fraud
S4_CRITICAL_HUB,S4_FINAL_EXIT,250000.0,2025-02-05 12:01:02,fraud
S4_CRITICAL_HUB,S4_FINAL_EXIT,250000.0,2025-02-05 12:01:04,fraud
S4_CRITICAL_HUB,S4_FINAL_EXIT,250000.0,2025-02-05 12:01:06,fraud
S4_CRITICAL_HUB,S4_FINAL_EXIT,250000.0,2025-02-05 12:01:08,fraud
S4_CRITICAL_HUB,S4_FINAL_EXIT,250000.0,2025-02-05 12:01:10,fraud
S4_CRITICAL_HUB,S4_FINAL_EXIT,250000.0,2025-02-05 12:01:12,fraud
S4_CRITICAL_HUB,S4_FINAL_EXIT,250000.0,2025-02-05 12:01:14,fraud
S4_CRITICAL_HUB,S4_FINAL_EXIT,250000.0,2025-02-05 12:01:16,fraud
S4_CRITICAL_HUB,S4_FINAL_EXIT,250000.0,2025-02-05 12:01:18,fraud
S4_CRITICAL_HUB,S4_FINAL_EXIT,250000.0,2025-02-05 12:01:20,fraud
S4_CRITICAL_HUB,S4_FINAL_EXIT,250000.0,2025-02-05 12:01:22,fraud
S4_CRITICAL_HUB,S4_FINAL_EXIT,250000.0,2025-02-05 12:01:24,fraud
S4_CRITICAL_HUB,S4_FINAL_EXIT,250000.0,2025-02-05 12:01:26,fraud
S4_CRITICAL_HUB,S4_FINAL_EXIT,250000.0,2025-02-05 12:01:28,fraud
S4_CRITICAL_HUB,S4_FINAL_EXIT,250000.0,2025-02-05 12:01:30,fraud
S4_CRITICAL_HUB,S4_FINAL_EXIT,250000.0,2025-02-05 12:01:32,fraud
S4_CRITICAL_HUB,S4_FINAL_EXIT,250000.0,2025-02-05 12:01:34,fraud
S4_CRITICAL_HUB,S4_FINAL_EXIT,250000.0,2025-02-05 12:01:36,fraud
S4_CRITICAL_HUB,S4_FINAL_EXIT,250000.0,2025-02-05 12:01:38,fraud
USER_093,USER_066,907.56,2025-02-05 12:21:58,normal
USER_071,USER_018,363.27,2025-02-05 12:33:15,normal
USER_082,USER_041,215.79,2025-02-05 12:54:23,normal
USER_079,USER_050,496.43,2025-02-05 14:29:39,normal
USER_060,USER_001,464.39,2025-02-05 15:04:06,normal
USER_018,USER_099,637.44,2025-02-05 15:04:08,normal
USER_030,USER_036,1954.67,2025-02-05 16:17:01,normal
USER_090,USER_097,355.82,2025-02-05 16:19:19,normal
USER_094,USER_097,47.97,2025-02-05 21:09:40,normal
USER_053,USER_071,71.9,2025-02-05 22:01:24,normal
USER_008,USER_018,162.81,2025-02-05 22:26:32,normal
USER_056,USER_028,545.13,2025-02-05 23:44:59,normal
USER_001,USER_052,624.79,2025-02-06 00:32:24,normal
USER_031,USER_083,3260.11,2025-02-06 00:48:59,normal
USER_035,USER_027,419.28,2025-02-06 01:55:45,normal
USER_012,USER_073,435.29,2025-02-06 04:52:27,normal
USER_073,USER_079,892.52,2025-02-06 05:22:01,normal
USER_056,USER_006,315.7,2025-02-06 05:35:01,normal
USER_003,USER_086,231.26,2025-02-06 05:54:58,normal
USER_055,USER_063,356.98,2025-02-06 06:03:34,normal
USER_006,USER_046,352.0,2025-02-06 06:34:23,normal
USER_006,USER_099,1893.97,2025-02-06 07:16:12,normal
USER_064,USER_048,236.24,2025-02-06 07:33:18,normal
USER_056,USER_035,153.01,2025-02-06 07:45:01,normal
USER_041,USER_032,227.54,2025-02-06 07:55:16,normal
USER_050,USER_013,532.76,2025-02-06 09:11:32,normal
USER_000,USER_071,240.36,2025-02-06 09:56:12,normal
USER_001,USER_003,153.81,2025-02-06 10:50:45,normal
USER_076,USER_055,545.74,2025-02-06 12:06:30,normal
USER_006,USER_099,290.75,2025-02-06 14:29:03,normal
USER_073,USER_035,411.08,2025-02-06 19:25:31,normal
USER_068,USER_020,96.11,2025-02-06 19:56:19,normal
USER_035,USER_000,100.52,2025-02-06 20:03:26,normal
USER_065,USER_096,1207.57,2025-02-06 20:04:51,normal
USER_016,USER_026,721.69,2025-02-06 22:49:48,normal
USER_042,USER_081,428.19,2025-02-06 23:11:57,normal
USER_052,USER_028,314.26,2025-02-07 04:28:02,normal
USER_068,USER_078,451.57,2025-02-07 05:09:31,normal
USER_053,USER_079,2499.07,2025-02-07 06:08:16,normal
USER_053,USER_050,146.51,2025-02-07 06:59:37,normal
USER_058,USER_099,620.79,2025-02-07 07:03:40,normal
USER_016,USER_058,104.81,2025-02-07 08:12:32,normal
USER_047,USER_028,169.53,2025-02-07 08:58:52,normal
USER_079,USER_094,3236.3,2025-02-07 09:15:56,normal
USER_022,USER_004,102.2,2025-02-07 10:11:43,normal
USER_004,USER_027,2694.62,2025-02-07 13:15:57,normal
USER_035,USER_084,184.31,2025-02-07 13:36:11,normal
USER_046,USER_003,1590.32,2025-02-07 15:42:51,normal
USER_031,USER_099,1771.32,2025-02-07 16:30:30,normal
USER_031,USER_021,370.28,2025-02-07 16:32:41,normal
USER_017,USER_032,505.15,2025-02-07 17:05:51,normal
USER_005,USER_099,384.74,2025-02-07 17:11:50,normal
USER_045,USER_064,1085.36,2025-02-07 17:14:54,normal
USER_099,USER_092,450.56,2025-02-07 17:46:12,normal
USER_045,USER_014,367.71,2025-02-07 18:29:53,normal
USER_015,USER_004,1866.81,2025-02-07 18:52:27,normal
USER_057,USER_041,221.56,2025-02-08 00:58:57,normal
USER_068,USER_089,835.41,2025-02-08 01:12:16,normal
USER_042,USER_036,949.43,2025-02-08 04:34:06,normal
USER_011,USER_040,167.27,2025-02-08 04:48:14,normal
USER_082,USER_015,234.1,2025-02-08 05:04:44,normal
USER_094,USER_013,1640.49,2025-02-08 05:49:09,normal
USER_078,USER_041,710.77,2025-02-08 10:13:23,normal
USER_068,USER_032,2991.65,2025-02-08 10:54:10,normal
USER_014,USER_095,323.42,2025-02-08 11:32:36,normal
USER_091,USER_011,624.19,2025-02-08 12:37:34,normal
USER_032,USER_061,355.11,2025-02-08 12:49:22,normal
USER_057,USER_001,386.27,2025-02-08 13:01:40,normal
USER_096,USER_030,97.93,2025-02-08 14:04:17,normal
USER_016,USER_079,1177.13,2025-02-08 14:13:28,normal
USER_053,USER_079,448.74,2025-02-08 15:04:50,normal
USER_072,USER_069,3913.3,2025-02-08 16:25:22,normal
USER_003,USER_081,464.11,2025-02-08 16:30:07,normal
USER_088,USER_053,28.87,2025-02-08 17:33:40,normal
USER_044,USER_058,996.49,2025-02-08 18:49:45,normal
USER_064,USER_081,54.83,2025-02-08 22:20:49,normal
USER_094,USER_090,218.48,2025-02-08 23:25:41,normal
USER_071,USER_079,118.03,2025-02-09 03:08:10,normal
USER_049,USER_033,1682.52,2025-02-09 03:25:51,normal
USER_063,USER_088,91.92,2025-02-09 04:52:19,normal
USER_018,USER_094,312.15,2025-02-09 07:00:17,normal
USER_003,USER_061,287.64,2025-02-09 08:47:15,normal
USER_005,USER_078,513.51,2025-02-09 09:07:02,normal
USER_011,USER_062,179.98,2025-02-09 11:00:07,normal
USER_051,USER_029,434.88,2025-02-09 11:45:44,normal
USER_083,USER_088,807.58,2025-02-09 12:50:51,normal
USER_093,USER_026,1806.71,2025-02-09 14:07:14,normal
USER_082,USER_032,164.55,2025-02-09 14:10:46,normal
USER_027,USER_062,2494.21,2025-02-09 14:32:20,normal
USER_034,USER_094,120.19,2025-02-09 14:32:41,normal
USER_009,USER_099,281.2,2025-02-09 15:31:20,normal
USER_041,USER_026,765.02,2025-02-09 17:07:07,normal
USER_029,USER_004,297.87,2025-02-09 17:10:47,normal
USER_060,USER_089,301.72,2025-02-09 20:06:10,normal
USER_078,USER_079,78.25,2025-02-09 21:23:28,normal
USER_041,USER_084,365.21,2025-02-09 21:47:51,normal
USER_029,USER_058,116.9,2025-02-10 00:15:36,normal
USER_022,USER_005,586.93,2025-02-10 01:55:51,normal
USER_022,USER_027,223.49,2025-02-10 02:27:57,normal
USER_041,USER_025,528.93,2025-02-10 03:14:57,normal
USER_089,USER_099,205.62,2025-02-10 04:17:51,normal
USER_030,USER_020,308.0,2025-02-10 04:58:49,normal
USER_000,USER_013,159.7,2025-02-10 07:17:54,normal
USER_023,USER_015,574.1,2025-02-10 07:21:13,normal
USER_042,USER_086,402.51,2025-02-10 09:25:07,normal
USER_086,USER_057,265.89,2025-02-10 09:53:49,normal
USER_027,USER_031,730.84,2025-02-10 10:05:31,normal
USER_020,USER_082,5066.07,2025-02-10 11:37:31,normal
USER_013,USER_044,688.59,2025-02-10 12:24:51,normal
USER_001,USER_058,1871.94,2025-02-10 15:20:22,normal
USER_088,USER_056,124.74,2025-02-10 15:33:56,normal
USER_080,USER_000,394.55,2025-02-10 16:25:44,normal
USER_021,USER_080,370.48,2025-02-10 18:27:41,normal
USER_037,USER_061,177.85,2025-02-10 18:46:45,normal
USER_023,USER_067,847.0,2025-02-10 19:12:14,normal
USER_071,USER_088,396.79,2025-02-10 20:00:30,normal
USER_000,USER_041,1256.03,2025-02-10 22:04:10,normal
USER_000,USER_051,1722.16,2025-02-10 22:09:24,normal
USER_013,USER_047,185.16,2025-02-10 22:27:24,normal
USER_068,USER_054,3288.77,2025-02-10 22:57:08,normal
USER_001,USER_090,118.88,2025-02-11 00:36:01,normal
USER_016,USER_044,947.39,2025-02-11 01:40:12,normal
USER_037,USER_019,1617.33,2025-02-11 01:49:57,normal
USER_006,USER_026,1105.63,2025-02-11 01:58:20,normal
USER_096,USER_081,1118.63,2025-02-11 02:21:03,normal
USER_038,USER_083,419.22,2025-02-11 02:54:57,normal
USER_013,USER_009,401.05,2025-02-11 05:20:54,normal
USER_017,USER_012,108.53,2025-02-11 08:53:39,normal
USER_007,USER_068,374.14,2025-02-11 09:41:36,normal
USER_004,USER_037,236.75,2025-02-11 09:54:32,normal
USER_025,USER_081,1173.54,2025-02-11 10:22:14,normal
USER_011,USER_003,1167.19,2025-02-11 11:53:32,normal
USER_075,USER_029,82.55,2025-02-11 12:12:28,normal
USER_013,USER_016,163.85,2025-02-11 13:15:52,normal
USER_041,USER_010,389.34,2025-02-11 16:26:13,normal
USER_097,USER_006,217.35,2025-02-11 16:44:02,normal
USER_019,USER_064,84.44,2025-02-11 18:06:13,normal
USER_051,USER_085,171.13,2025-02-11 18:50:08,normal
USER_086,USER_041,271.11,2025-02-11 18:52:42,normal
USER_068,USER_044,304.99,2025-02-11 19:21:09,normal
USER_080,USER_033,576.18,2025-02-11 20:14:51,normal
USER_056,USER_028,54.8,2025-02-11 20:46:50,normal
USER_043,USER_044,272.83,2025-02-11 20:54:44,normal
USER_067,USER_098,439.51,2025-02-11 21:38:41,normal
USER_089,USER_063,50.4,2025-02-11 22:01:54,normal
USER_026,USER_010,70.64,2025-02-11 22:29:33,normal
USER_035,USER_068,23.02,2025-02-11 23:06:34,normal
USER_036,USER_061,221.57,2025-02-12 00:41:19,normal
USER_089,USER_034,308.23,2025-02-12 01:51:03,normal
USER_037,USER_017,164.37,2025-02-12 02:16:13,normal
USER_060,USER_069,107.34,2025-02-12 03:29:13,normal
USER_008,USER_018,136.16,2025-02-12 05:12:14,normal
USER_040,USER_079,445.82,2025-02-12 05:57:57,normal
USER_014,USER_023,4666.01,2025-02-12 06:44:06,normal
USER_078,USER_050,1821.38,2025-02-12 06:49:37,normal
USER_080,USER_066,240.81,2025-02-12 06:52:34,normal
USER_009,USER_091,359.04,2025-02-12 06:56:12,normal
USER_089,USER_081,829.69,2025-02-12 08:12:44,normal
USER_014,USER_019,212.88,2025-02-12 08:23:45,normal
USER_031,USER_044,797.37,2025-02-12 09:02:28,normal
USER_041,USER_033,547.4,2025-02-12 09:06:53,normal
USER_000,USER_061,530.63,2025-02-12 09:33:17,normal
USER_012,USER_077,104.66,2025-02-12 11:09:36,normal
USER_067,USER_037,266.04,2025-02-12 11:38:40,normal
USER_005,USER_072,478.72,2025-02-12 12:40:10,normal
USER_003,USER_069,583.39,2025-02-12 13:40:31,normal
USER_088,USER_057,162.18,2025-02-12 13:48:07,normal
USER_039,USER_038,1038.22,2025-02-12 14:16:44,normal
USER_088,USER_055,599.27,2025-02-12 14:59:43,normal
USER_046,USER_030,124.3,2025-02-12 16:27:27,normal
USER_090,USER_009,532.66,2025-02-12 16:48:21,normal
USER_034,USER_015,71.35,2025-02-12 17:06:41,normal
USER_069,USER_082,314.02,2025-02-12 17:11:24,normal
USER_074,USER_069,219.21,2025-02-12 18:23:02,normal
USER_085,USER_050,234.11,2025-02-12 18:29:20,normal
USER_023,USER_002,174.77,2025-02-12 18:35:44,normal
USER_062,USER_032,243.83,2025-02-12 19:01:48,normal
USER_008,USER_012,204.95,2025-02-12 19:33:01,normal
USER_091,USER_005,932.03,2025-02-12 21:03:36,normal
USER_075,USER_048,370.37,2025-02-12 21:06:06,normal
USER_067,USER_031,68.91,2025-02-12 22:03:46,normal
USER_039,USER_053,293.14,2025-02-12 22:32:10,normal
USER_079,USER_073,2822.86,2025-02-12 23:09:18,normal
USER_073,USER_001,198.09,2025-02-13 00:27:36,normal
USER_097,USER_047,321.62,2025-02-13 01:09:48,normal
USER_084,USER_050,1080.19,2025-02-13 02:54:45,normal
USER_054,USER_020,2487.99,2025-02-13 05:09:05,normal
USER_079,USER_053,198.41,2025-02-13 05:34:38,normal
USER_075,USER_064,558.32,2025-02-13 07:03:16,normal
USER_054,USER_037,283.63,2025-02-13 08:46:56,normal
USER_015,USER_009,490.64,2025-02-13 09:24:32,normal
USER_040,USER_006,344.66,2025-02-13 09:34:19,normal
USER_025,USER_089,727.46,2025-02-13 13:16:46,normal
USER_016,USER_018,247.48,2025-02-13 15:42:35,normal
USER_072,USER_037,43.93,2025-02-13 16:15:57,normal
USER_038,USER_048,257.52,2025-02-13 16:21:40,normal
USER_027,USER_071,563.47,2025-02-13 18:20:18,normal
USER_004,USER_001,144.73,2025-02-13 22:38:44,normal
USER_023,USER_011,1452.72,2025-02-13 23:01:18,normal
USER_059,USER_025,280.92,2025-02-13 23:10:02,normal
USER_058,USER_082,467.33,2025-02-13 23:59:01,normal
USER_073,USER_032,9784.5,2025-02-14 00:27:08,normal
USER_081,USER_054,720.69,2025-02-14 00:49:16,normal
USER_058,USER_067,643.03,2025-02-14 01:42:17,normal
USER_096,USER_087,65.38,2025-02-14 04:45:18,normal
USER_044,USER_050,914.8,2025-02-14 06:41:53,normal
USER_083,USER_005,1627.82,2025-02-14 06:52:46,normal
USER_055,USER_064,63.35,2025-02-14 13:33:39,normal
USER_041,USER_074,127.34,2025-02-14 14:07:53,normal
USER_063,USER_053,6092.32,2025-02-14 14:09:29,normal
USER_074,USER_081,1723.73,2025-02-14 14:50:00,normal
USER_015,USER_020,920.03,2025-02-14 15:53:07,normal
USER_003,USER_097,287.54,2025-02-14 16:02:11,normal
USER_064,USER_055,147.88,2025-02-14 18:04:33,normal
USER_072,USER_025,221.72,2025-02-14 18:17:55,normal
USER_069,USER_087,1058.08,2025-02-14 19:24:37,normal
USER_088,USER_066,947.75,2025-02-14 20:01:24,normal
USER_035,USER_007,1277.84,2025-02-14 20:04:22,normal
USER_042,USER_012,167.14,2025-02-14 21:00:18,normal
USER_072,USER_084,102.06,2025-02-14 21:00:55,normal
USER_024,USER_095,541.24,2025-02-14 21:40:38,normal
USER_073,USER_089,1524.74,2025-02-14 23:35:18,normal
USER_085,USER_029,312.75,2025-02-14 23:53:30,normal
USER_089,USER_038,216.51,2025-02-15 00:21:25,normal
USER_066,USER_003,560.55,2025-02-15 01:41:53,normal
USER_016,USER_029,807.46,2025-02-15 02:39:56,normal
USER_060,USER_035,412.05,2025-02-15 02:48:53,normal
USER_081,USER_099,567.1,2025-02-15 03:44:25,normal
USER_054,USER_027,4342.75,2025-02-15 03:49:51,normal
USER_075,USER_009,281.61,2025-02-15 04:35:52,normal
USER_041,USER_043,562.4,2025-02-15 05:14:22,normal
USER_025,USER_050,331.79,2025-02-15 06:09:56,normal
USER_082,USER_070,72.03,2025-02-15 06:45:37,normal
USER_091,USER_095,179.24,2025-02-15 08:38:53,normal
USER_079,USER_059,455.15,2025-02-15 08:59:43,normal
USER_089,USER_009,1769.68,2025-02-15 09:43:43,normal
USER_021,USER_030,845.38,2025-02-15 10:16:29,normal
